team,wk1_score,wk1_rank,wk2_score,wk2_rank,wk3_score,wk3_rank,wk4_score,wk4_rank
Always open,130.76,17,77.58,5,72.54,3,73.10,3
Clesch's Team,73.54,6,62.92,2,75.14,4,77.36,5
Commitment to Execution,111.16,14,59.32,1,,,,
Die Bienen,100.90,12,77.58,6,82.58,7,81.38,7
Franchise Revolution,86.76,7,81.38,8,115.90,16,144.64,15
Head Hunter,121.60,16,127.56,17,90.30,9,74.92,4
Headless Packers,94.76,10,96.08,13,111.64,13,126.36,14
Headless Vandemic,95.70,11,75.48,4,113.68,15,113.02,11
Heads Will Roll,72.16,5,105.34,15,84.94,8,77.62,6
Jouer Tellement Fort,93.58,9,108.40,16,92.78,10,121.98,12
Lutte Titanesque,70.74,4,92.68,12,81.46,5,67.28,2
Marie-Antoinette von Österreich-Lothringen,108.86,13,86.20,11,99.54,11,123.98,13
pfue's Team,70.42,3,82.62,9,71.66,2,65.54,1
RollercoasterShow,88.30,8,85.28,10,82.50,6,96.18,9
Semmel Warriors,68.82,1,,,,,,
Simonceo's Team,136.06,18,97.52,14,61.26,1,,
The Chopfather,119.10,15,80.10,7,113.32,14,100.48,10
the ones who remain!,69.92,2,73.66,3,103.22,12,93.02,8
